# 事务

1. [四个特性](https://github.com/zongzhenh/Blog/blob/master/%E6%95%B0%E6%8D%AE%E5%BA%93/MySQL/(3)%E4%BA%8B%E5%8A%A1.md#%E5%9B%9B%E4%B8%AA%E7%89%B9%E6%80%A7)
2. [事务隔离级别](https://github.com/zongzhenh/Blog/blob/master/%E6%95%B0%E6%8D%AE%E5%BA%93/MySQL/(3)%E4%BA%8B%E5%8A%A1.md#%E4%BA%8B%E5%8A%A1%E9%9A%94%E7%A6%BB%E7%BA%A7%E5%88%AB)
3. [实验](https://github.com/zongzhenh/Blog/blob/master/%E6%95%B0%E6%8D%AE%E5%BA%93/MySQL/(3)%E4%BA%8B%E5%8A%A1.md#%E5%AE%9E%E9%AA%8C)
4. [最佳实践](https://github.com/zongzhenh/Blog/blob/master/%E6%95%B0%E6%8D%AE%E5%BA%93/MySQL/(3)%E4%BA%8B%E5%8A%A1.md#%E6%9C%80%E4%BD%B3%E5%AE%9E%E8%B7%B5)

事务保证了数据的完整性和正确性。

> MySQL 默认 `autocommit` 参数是开启的

## 四个特性

- A：原子性。事务里的多个 SQL 要么都成功，要么都失败
- C：一致性。事务发生之前数据是正确的，事务之后也是正确的
- I：隔离性。不同事务之间互相独立、互不影响
- D：持久性。事务的修改是永久的，不会因为关机、重启等情况而倒退

## 事务隔离级别

没有事务隔离性会造成如下的问题，问题的严重性从高到低排序：

- 脏写：事务 T1 和事务 T2 都能修改同一块数据
- 脏读：事务 T1 可以读到事务 T2 未提交的数据
- 不可重复读：事务 T1 可以读到事务 T2 已提交的数据
- 幻读：对于事务中的同一条 SQL，前后查询结果不一致。比如，事务 T2 插入并 `COMMIT`，正常来说，事务 T1 无法读取新数据，但是如果 T1 刚好修改到了新数据（比如全表 `UPDATE`），那么 T1 再次读取就可以读到新插入的数据

一般数据库都是默认不允许发生脏写。为了解决剩下的问题，MySQL 提供了四种事务隔离级别（RU < RC < RR < S），级别从低到高排序，
越低的事务隔离级别意味着更低的资源消耗（加锁情况越简单）和更高的并发性能，也存在更多的数据正确性问题。MySQL 权衡了数据正确性和性能后，选择了 RR 作为默认的隔离级别。

![shiwu2.png](https://i.loli.net/2019/09/21/kc8TNGBzFI2vZ3U.png)

## 实验

以 RR 为案例，实验一下它的隔离效果。

### 准备步骤

1. 系统环境

- Ubuntu 18.04 LTS
- MySQL 5.7.33

2. 查看事务隔离级别

```SQL
mysql> select @@GLOBAL.tx_isolation, @@session.tx_isolation;
+-----------------------+------------------------+
| @@GLOBAL.tx_isolation | @@session.tx_isolation |
+-----------------------+------------------------+
| REPEATABLE-READ       | REPEATABLE-READ        |
+-----------------------+------------------------+
1 row in set, 2 warnings (0.00 sec)
```

3. 建一个测试表

```SQL
CREATE TABLE test_transaction (
    `id` int(11) unsigned NOT NULL AUTO_INCREMENT,
    `name` varchar(45) NOT NULL COMMENT '名称',
    PRIMARY KEY (`id`)
) ENGINE=InnoDB DEFAULT CHARSET=utf8mb4 COMMENT='该表用于测试事务';
```

4. 插入若干测试数据

```SQL
mysql> INSERT INTO  test_transaction (name) VALUES  ('a'), ('b'), ('c'), ('d'), ('e'), ('f'), ('g'), ('h'), ('i'), ('j'), ('k'), ('l');
Query OK, 12 rows affected (0.01 sec)
Records: 12  Duplicates: 0  Warnings: 0

mysql> select * from test_transaction;
+----+------+
| id | name |
+----+------+
|  1 | a    |
|  2 | b    |
|  3 | c    |
|  4 | d    |
|  5 | e    |
|  6 | f    |
|  7 | g    |
|  8 | h    |
|  9 | i    |
| 10 | j    |
| 11 | k    |
| 12 | l    |
+----+------+
12 rows in set (0.01 sec)
```

5. 最后开两个终端，用来模拟两个独立的事务进程

### Case1：验证脏读是否存在

1. 事务 T2 将 id=2 的 name 改成 'bb'

```SQL
mysql> begin;
Query OK, 0 rows affected (0.00 sec)

mysql> update test_transaction set name='bb' where id=2;
Query OK, 1 row affected (0.00 sec)
Rows matched: 1  Changed: 1  Warnings: 0

mysql> select * from test_transaction;
+----+------+
| id | name |
+----+------+
|  1 | a    |
|  2 | bb   |
|  3 | c    |
|  4 | d    |
|  5 | e    |
|  6 | f    |
|  7 | g    |
|  8 | h    |
|  9 | i    |
| 10 | j    |
| 11 | k    |
| 12 | l    |
+----+------+
12 rows in set (0.00 sec)

mysql>
```

2. 事务 T1 读取 test_transaction 表的所有数据，可以看到，T1 并不能读取到 T2 未提交的数据，说明 RR 隔离级别下没有脏读问题 ✅

```SQL
mysql> begin;
Query OK, 0 rows affected (0.00 sec)

mysql> select * from test_transaction;
+----+------+
| id | name |
+----+------+
|  1 | a    |
|  2 | b    |
|  3 | c    |
|  4 | d    |
|  5 | e    |
|  6 | f    |
|  7 | g    |
|  8 | h    |
|  9 | i    |
| 10 | j    |
| 11 | k    |
| 12 | l    |
+----+------+
12 rows in set (0.00 sec)

mysql>
```

3. 回滚 T1 和 T2，不影响后续的验证

### Case2：验证不可重复读是否存在

1. 对于 id=9 的记录，T1 第一次读取的结果

```SQL
mysql> begin;
Query OK, 0 rows affected (0.00 sec)

mysql> select * from test_transaction where id=9;
+----+------+
| id | name |
+----+------+
|  9 | i    |
+----+------+
1 row in set (0.00 sec)

mysql>
```

2. T2 修改 id=9 的 name 为 'qwerty'，并 `COMMIT`

```SQL
mysql> begin;
Query OK, 0 rows affected (0.00 sec)

mysql> update test_transaction set name='qwerty' where id=9;
Query OK, 1 row affected (0.00 sec)
Rows matched: 1  Changed: 1  Warnings: 0

mysql> select * from test_transaction where id=9;
+----+--------+
| id | name   |
+----+--------+
|  9 | qwerty |
+----+--------+
1 row in set (0.00 sec)

mysql> commit;
Query OK, 0 rows affected (0.01 sec)
```

3. T1 再次读取 id=9 的记录，T1 不能读取到 T2 已提交的数据，说明 RR 隔离级别下没有不可重复读问题 ✅

```SQL
mysql> select * from test_transaction where id=9;
+----+------+
| id | name |
+----+------+
|  9 | i    |
+----+------+
1 row in set (0.01 sec)

mysql>
```

4. 回滚 T1 和 T2

### Case3：验证幻读是否存在

1. T2 插入一条新记录并 `COMMIT`

```SQL
-- 插入前
mysql> select * from test_transaction;
+----+--------+
| id | name   |
+----+--------+
|  1 | a      |
|  2 | b      |
|  3 | c      |
|  4 | d      |
|  5 | e      |
|  6 | f      |
|  7 | g      |
|  8 | h      |
|  9 | qwerty |
| 10 | j      |
| 11 | k      |
| 12 | l      |
+----+--------+
12 rows in set (0.00 sec)

-- 插入 id=13 新纪录
mysql> insert into test_transaction (id,name) values (13,'m');
Query OK, 1 row affected (0.00 sec)

mysql> select * from test_transaction;
+----+--------+
| id | name   |
+----+--------+
|  1 | a      |
|  2 | b      |
|  3 | c      |
|  4 | d      |
|  5 | e      |
|  6 | f      |
|  7 | g      |
|  8 | h      |
|  9 | qwerty |
| 10 | j      |
| 11 | k      |
| 12 | l      |
| 13 | m      |
+----+--------+
13 rows in set (0.00 sec)

-- 提交事务
mysql> commit;
Query OK, 0 rows affected (0.01 sec)

-- 确实已经插入成功
mysql> select * from test_transaction;
+----+--------+
| id | name   |
+----+--------+
|  1 | a      |
|  2 | b      |
|  3 | c      |
|  4 | d      |
|  5 | e      |
|  6 | f      |
|  7 | g      |
|  8 | h      |
|  9 | qwerty |
| 10 | j      |
| 11 | k      |
| 12 | l      |
| 13 | m      |
+----+--------+
13 rows in set (0.00 sec)

mysql>
```

2. 此时 T1 并不能读取到 id=13 这条记录

```SQL
mysql> select * from test_transaction;
+----+--------+
| id | name   |
+----+--------+
|  1 | a      |
|  2 | b      |
|  3 | c      |
|  4 | d      |
|  5 | e      |
|  6 | f      |
|  7 | g      |
|  8 | h      |
|  9 | qwerty |
| 10 | j      |
| 11 | k      |
| 12 | l      |
+----+--------+
12 rows in set (0.00 sec)

mysql>
```

3. T1 修改全表，将所有的 name 都改成 'z'，然后再次读取整个表，T2 新插入的 id=13 也被修改到了，并且第二次可以读取到新插入的 id=13，也就是说发生了幻读 😢

```SQL
mysql> update test_transaction set name='z';
Query OK, 13 rows affected (0.00 sec)
Rows matched: 13  Changed: 13  Warnings: 0

mysql> select * from test_transaction;
+----+------+
| id | name |
+----+------+
|  1 | z    |
|  2 | z    |
|  3 | z    |
|  4 | z    |
|  5 | z    |
|  6 | z    |
|  7 | z    |
|  8 | z    |
|  9 | z    |
| 10 | z    |
| 11 | z    |
| 12 | z    |
| 13 | z    |
+----+------+
13 rows in set (0.01 sec)

mysql>
```

**小结：MySQL 在 RR 隔离级别下确实可以防止脏读、不可重复读，但不能防止幻读。**

## 最佳实践

- 【建议】事务隔离级别为 RR
- 【建议】事务里面的 SQL 不超过 5 个
- 【建议】将外部依赖调用移出事务，避免外部依赖发生问题导致事务执行时间过长
- 【建议】对于一致性要求高的业务场景，应该开启事务并访问主库

## 参考

- https://github.com/Yhzhtk/note/issues/42#issuecomment-821176457
- https://zhuanlan.zhihu.com/p/21915342
